engine_rpm,lub_oil_pressure,fuel_pressure,coolant_pressure,lub_oil_temp,coolant_temp,engine_condition
2608.220546105883,2.111722067795548,2.103095893978756,1.1421223353846892,90.2476222424072,83.44068520255279,0
3038.6535711370852,2.691143113698071,2.326987336878477,1.0237712952090143,100.14813500294053,92.55660156304081,0
1177.9716211505724,2.5972953657795532,2.507204562479689,1.1300438800544654,87.46813933971933,88.45933244788864,0
1605.138178778751,2.203482866212397,2.306510822599598,1.5240539428489965,100.03842779707475,79.7974822551189,0
3268.9161848152326,2.484731172553879,2.3371396404739984,1.42543631167055,90.98779221582275,90.86522700876509,0
1852.0088506325446,1.8181101838208404,2.0365936270500105,1.4346032902772448,98.78437715072614,92.80194070367617,0
1058.1798393395648,2.5222525683930663,2.0855845110615667,1.3851829002659597,90.74142031847337,90.77970319841586,0
1569.837906354854,2.638328704711138,2.3401708035753868,1.5855191534914788,97.3040335423533,94.68220638072995,0
1186.376609199427,2.023595838519453,2.6894284968108138,1.3600123288715822,82.9091599471369,78.29412706864592,0
4445.866922457742,1.1488205339694795,1.604441362002582,0.6940828530634977,121.4157768426969,115.68765799683052,1
2770.181444490114,1.8912866767861336,2.090590436672604,1.5982747000946267,93.50029786511277,84.75142387346769,0
1847.5744776217516,2.6967884099060115,2.2887791175520213,1.2022019058587718,81.04182251505961,77.21978938426962,0
4776.07804869139,1.6539619669554222,1.5234259542638016,0.5601036145602881,123.93275517836096,119.32695407430832,1
1777.4558042891554,2.3843143119231,2.6399328682985512,1.1958767849463952,83.3131168185462,85.77403595905429,0
1045.5545641288743,2.646452291734518,2.7849489424219387,1.1008085246469181,100.79242609189434,91.91208725979814,0
2876.5368791021456,2.262005803644133,2.240770853557453,1.2569197689553688,90.9212675653795,89.11171725287649,0
5223.1391800041365,1.5753461504031356,1.7595161400647743,0.796780467689393,126.89707708792642,116.63239397272281,1
2518.8621297535956,1.942991682052836,2.1796838583519857,1.5364595222074806,98.90408322238116,78.9619526551948,0
2022.3823610356746,2.630619407787729,2.073189469918204,1.3884848284927618,102.15489451162686,80.4946305103904,0
6958.125881544572,1.6469688542070604,1.8534882437278581,0.5087761816833145,116.92250266169926,102.60496799090703,1
4500.242444340545,1.6225347943841968,1.765468839206047,0.8558614028730244,113.30477582789011,99.48139029769474,1
4211.280818801306,1.6039585075525205,1.7975658374528407,0.990571865895911,122.34045143684489,115.00008704409203,1
3225.0133545439157,2.6170720709492796,2.6290760115324416,1.490700529705013,97.22213255125226,80.08783161683694,0
1066.2782763540545,2.4200727559285133,2.126884084234459,1.366588593310595,96.06412998837979,93.04906614571684,0
2928.1758667148642,1.873796564735399,2.572777783077918,1.1452270095175165,82.02298207628131,79.77592422763078,0
6581.101667521245,1.5070864772666983,1.9400783689607426,0.5039207953859584,112.06196859942567,103.63354880612219,1
6529.5200096859335,1.2966954228179466,1.6559319289584415,0.8111716323086231,112.06181065925009,102.74469648022747,1
2729.737994231733,2.5994103989090425,2.7901344063973177,1.0671517716386367,99.1093165555434,91.09813553682878,0
2591.026028159451,2.3360963663441203,2.0212257630990558,1.561727347746214,90.8124469582533,85.6605773449228,0
1115.006605054382,2.1588304841235026,2.5466070109276764,1.248129460915211,96.91169843065906,77.2897527613181,0
6544.892058766897,1.440476042175844,1.64370479823279,0.7164080011047347,116.90839333252747,95.62983534898073,1
3138.651460027518,2.1924451074226354,2.680965531239015,1.108689609720808,86.74551800320536,84.12473017911084,0
5437.990198753039,1.4585405156700548,1.6490261043197216,0.6828403741306857,114.811454655737,101.63315343888668,1
1566.239437994845,2.422086700227873,2.1719523028726053,1.295366713868821,103.8833671625982,92.11474517811573,0
2829.9848545285126,2.305252372447857,2.4610306881334503,1.0132741309173983,85.6664100556747,93.12509161042072,0
1290.1816012672907,2.323065424769119,2.176146561559849,1.1635744004401203,95.08719166491137,88.73179826985213,0
5089.005674186402,1.693090205195415,1.5313448108109329,0.6466543053902823,122.9582793843001,102.59856280637568,1
2930.6119232416436,1.8121544746898164,2.2986474530238024,1.4169891316759256,89.5155823369145,90.1350301137727,0
1402.0201285437465,2.4903948286293653,2.391539970914512,1.5209627683079554,82.45989124283493,93.2154032328783,0
1891.883316733973,2.38336876509716,2.3526101975505824,1.2731320894490807,92.42408707264576,84.18479755193916,0
2837.6776095097143,1.9815977168014256,2.0820077823925436,1.5926713121289324,83.3369993103986,81.37733636642278,0
2403.1929939237407,1.9881211597237614,2.3177468236947636,1.4136789814823594,83.65934980405623,85.46659262389483,0
6933.4558235693985,1.4247838627894025,1.5096638154588005,0.6209885651585227,128.5196130125777,119.17588188140365,1
2649.960115085448,2.040145618778193,2.396393052964959,1.195114038534817,102.37794351766341,93.76609636896966,0
3372.2138431333333,1.9011226761227902,2.1411095892049787,1.018680449730707,99.88624901974323,94.44010659263074,0
1185.1116293352259,2.353854284401321,2.527139153528121,1.591997555960288,90.07450446912904,84.02478688361975,0
1936.3502971184062,1.9031238688359327,2.565790907450719,1.4549579175574137,84.79668311796857,80.23411367471812,0
3424.7746304049856,2.750061967050805,2.671118469156747,1.2708322145978053,96.27193422617985,76.2530640691071,0
6874.060924911959,1.7263826067300867,1.5509461940330067,0.6499002637826179,124.2906727744652,111.57617979508557,1
1730.3616213380456,1.8912061030486904,2.266799337352915,1.2594008806255612,94.05742039694775,93.73644924066184,0
1013.805292809006,1.8431599119505762,2.5151996345912124,1.46791059333601,101.70141725268626,79.09762548301426,0
3311.734045696407,2.2926180939928695,2.0852786025070174,1.5816473934011726,91.53693661561836,75.66378709124852,0
1555.2695261768256,2.79971767328613,2.667944189439439,1.4315210669633585,95.59739590729096,75.25215039951519,0
5908.95982523083,0.8624575936190715,1.9196692461780012,0.8865709369593358,111.18350789547708,100.76041655293375,1
2582.7536431831695,2.145667283323863,2.4721845334952697,1.3118643691336107,97.00569448020883,86.2088126196088,0
3304.685587557792,2.292625104290859,2.152550176530933,1.2581835369396777,103.42394557577657,88.38044674658217,0
1128.6968781249734,2.3203077009037933,2.699112062050012,1.5925897382416347,99.00724557805337,84.884248945006,0
2079.8625466052895,2.4725184560770384,2.043809311057625,1.3927067285686812,93.94458543425063,75.4364679355098,0
2516.072649148975,1.9206358711006009,2.64524891828916,1.3982827165730831,88.74258074364624,89.79808241533861,0
1896.1643213606815,2.769302535619099,2.021676794002787,1.085497325740908,84.33811287466271,94.69979312281751,0
5289.464117702629,0.9428759613394118,1.981749620443794,0.7184979428328104,108.78987687000249,98.29287571447733,1
1350.21003809131,2.4057748193568873,2.6146187310916145,1.0639558181847943,84.43571923674267,92.85046579909692,0
1699.834742364857,2.541120649290059,2.6476128597799025,1.0608524970695299,88.88732526103394,81.18745435725565,0
4020.7858929179047,1.2493497420396422,1.689547024335968,0.8965714369983697,106.77895712933582,115.42820355038963,1
1289.6726488128243,2.3230978441701486,2.1775777295463596,1.2993328920708138,97.37377722256154,90.4402495261998,0
2100.3812343490035,1.8813487806418998,2.505811430335624,1.1113153094218726,103.17502419810738,80.01933322680595,0
6882.460850532426,0.9109980987913149,1.6843535854323977,0.8370651477680315,111.00997282233767,112.43023454774092,1
1779.2776902235273,2.7860010638228707,2.068279734462915,1.0787469266094325,83.19283709088087,76.35336723800003,0
2613.6807397679195,2.069243230949381,2.0522850726391537,1.121112071273769,103.20209100815124,76.57938324381658,0
2031.5441922785662,2.386229832016797,2.4657363681410187,1.594753596221313,83.97270419173384,78.33720403397506,0
2646.7340790473627,2.427708053071418,2.5579771693354267,1.4915133156560743,94.95563235159347,87.25146936689639,0
2183.679426951414,2.1013778741641422,2.2782473663217546,1.0641261538568463,88.35595796740152,76.42015329066511,0
2624.909826944413,2.1978555990457416,2.543717826154456,1.4573710808659694,92.70901367290699,85.12532118990406,0
1076.2506248476236,2.123679236404244,2.7541854193081003,1.1425264785245965,82.4794524896804,87.21560142151537,0
1433.2358001771145,2.7650269106665126,2.7019686901043043,1.5388183293699922,94.8261083546696,82.89152151195293,0
2815.228334306654,1.8633749704727678,2.795926258117148,1.2281173712715143,98.64334456828081,93.63507438865634,0
1898.727878049388,1.9865670240513058,2.2836977261126212,1.5224520702023554,83.29321933636405,79.74866936749612,0
3467.217341501293,2.763222539440611,2.756892369706906,1.174997547225582,100.43624271227979,81.60430129742996,0
3987.1884547099344,1.7551152072917016,1.7082522159519395,0.6452522528357102,117.64894769337329,112.36488568133214,1
4204.592377378516,1.0952904940479433,1.6476507387859165,0.9789670605283852,119.50222086673637,112.52924653975649,1
3464.126135276502,2.676653602658345,2.3350164199136585,1.2920013648548219,104.39684387275135,77.01274957047066,0
1827.245062131623,2.254541064767773,2.0157684302034915,1.3357892100921485,96.0243019336333,84.27862753624666,0
6266.784279962098,1.4034930960433787,1.529045976040175,0.582874889910078,110.1170027264321,95.28544958635185,1
2280.2326457482022,2.19654278232127,2.5860576777682,1.5126310560217475,102.30211722350586,78.49762874351919,0
2786.489806750156,1.98123306616566,2.7645211985838025,1.5606616160833087,80.08045659010696,89.28065288933713,0
1298.9856148457543,2.255656752785713,2.5778135454845272,1.2381539657209577,84.37096568151031,90.51223701850655,0
1852.6658776256463,2.259135756238261,2.2673951126535687,1.0981143235510136,80.96065872405812,81.10621353393462,0
5269.092912686575,1.4265925110932103,1.6581350748646533,0.5006768128577341,119.1271328113189,100.60733708212612,1
1063.3768585386438,2.271576188550158,2.1790540918580983,1.5733142175729609,104.90835844068118,84.87093160680237,0
2754.9171931442584,2.7694704332753686,2.1746031102920513,1.4786881893151809,87.43871128297052,87.68208062752663,0
2741.8429134103767,2.342724443347596,2.2734977328309487,1.2345435975433088,100.06608274489275,92.15124675322568,0
6683.091138280347,1.121495701247882,1.8566034416413089,0.9034827454419968,127.31395568716187,114.65514130652645,1
2145.6322262287913,2.048489139814466,2.2680950834073137,1.468315309146317,100.99505714089042,80.90081415308313,0
3387.163201657985,2.3744731131799117,2.524193584511217,1.2915230555117954,99.8549332819271,91.47580768442589,0
6393.475759095207,1.628469299449117,1.8519285458171657,0.7369049141989733,121.56085029252671,111.52535635618301,1
1113.2600244301113,2.3435528611139884,2.5267614677267405,1.330135925293757,83.6863131676571,82.2383998167573,0
2824.0154458451602,1.8454463803414578,2.5221968862815,1.0527198994869,103.06892976283486,77.10947399913262,0
2822.5179201024685,2.7929647961193003,2.1249220778929523,1.0629581070509049,87.61697847745101,92.41156850092014,0
5394.926625716548,1.5534279222569691,1.975386353865669,0.981384175126603,124.02519808738481,118.80554464243987,1
1458.5112746335844,2.2484455219783195,2.4150704457008576,1.1324617676732562,96.73717387995475,83.22191205201413,0
3132.5236386684,2.2984421989290573,2.0170155286803095,1.4099488169737875,96.14527031638015,77.29865994119133,0
4509.41903236561,0.81431527766706,1.5834765443735994,0.9788949004941019,112.22212347272914,108.61242397759662,1
1728.0728504951048,2.55237452943768,2.2681577933167207,1.1639557161989256,98.26626275598116,88.27579372351178,0
2650.493441794328,1.8664962673667775,2.68970209381236,1.2109736123437806,95.48973343649601,87.15810428181408,0
1035.9837215743896,2.4651972206962,2.0648369727261184,1.4296904045339163,94.01650236040427,87.07590905898775,0
1221.2312551297987,1.811353644767419,2.029239734278476,1.120314836020202,93.84505601780941,84.24591122001215,0
2328.38657892037,1.851823536822427,2.775282104112649,1.2875091265778387,80.13074033857282,86.44097286738602,0
2577.8465649931572,2.052436944344021,2.6631323793205417,1.5207509767120133,87.32055091752412,80.9983822301397,0
2894.615276160923,2.614574720231382,2.3967005880630166,1.366200269986551,94.03711469898809,76.19049400695543,0
1299.663418334207,2.796636837073905,2.7875217445628415,1.1370728447987792,93.1760365977913,86.19511367276765,0
2757.5473972379446,2.047348101743198,2.731439045248399,1.4081369454587749,84.86556279551912,89.62992980680724,0
5104.830531086617,1.1587155254170134,1.954971571927196,0.7289978795017857,110.55189676733302,99.54034919391506,1
1101.8220057974254,2.677200540813108,2.0609046875922403,1.0731316560021686,100.12472499201924,82.67677766089959,0
2962.9399034825337,2.3495288823237352,2.735884493130208,1.3831155685984513,97.25012227051664,80.20315581924102,0
5672.3116793860445,1.2028732826326372,1.8038760611263613,0.5671374254511378,115.91535474421916,116.41343059369817,1
1844.9878921288396,2.05790282704494,2.0715288018498077,1.072125433222365,101.83307289652019,82.23706186410277,0
3416.637047609174,2.4791023191444896,2.0195206252452302,1.5028691737888662,84.93676224649843,91.6274702877142,0
1060.7899160786346,2.0424705036347297,2.579813417223009,1.4228084576419882,88.45668764986246,78.70660359057429,0
1466.4251472150895,2.6105533307818325,2.758762645569725,1.4389537130531993,97.37588072146383,87.30596050139604,0
1085.971302788046,2.1742707957561205,2.142428773495801,1.4625531067864312,93.02394943180106,85.46781822748733,0
2644.0322307508586,1.9845210193563774,2.557936213797472,1.1896936629860504,85.14218155488888,89.07371954921592,0
2727.344345256165,1.947073480929038,2.4760623445602037,1.2671831530015993,97.20336765216355,80.5855217690882,0
2373.0666617653014,2.738340456821038,2.710998463895182,1.0361604341737365,97.39045366242017,93.1522200511311,0
2223.6319006939075,2.360937971535386,2.7315295567399676,1.435154596249082,86.03003643998854,91.51956425416164,0
2256.59273276298,2.6952068376871994,2.4770159027856424,1.3093576171475503,95.04703974090805,75.96285671956707,0
1982.744311666901,2.5474709381337566,2.6756395188280564,1.5710870712539435,104.2122194398596,86.96714968595518,0
3636.4860440121906,1.2768434683178171,1.6351966431922627,0.9870972219081786,105.30257791940268,116.21063447726311,1
3246.385471317698,1.8887025337570555,2.5857799091276488,1.4418412090393844,87.41338953219137,75.8404935034281,0
3045.0369148062327,2.214819502337665,2.214941887507957,1.1092707494132197,92.73555320374474,87.69342546507883,0
1619.3274737528936,1.9636559428657046,2.2078030270082607,1.3234967660051526,81.62133986207421,76.02270762884201,0
1426.310309218229,2.5615106317174723,2.3619516129061546,1.1379727635346517,88.68928810597455,86.3066050914322,0
3020.3009489110427,2.6660638895004083,2.3275293217529924,1.4903786619774964,91.49501059423301,92.8797942001574,0
4297.124076361233,1.2051026945275665,1.822416302011157,0.5381196089867822,127.35235756333127,104.51294274674737,1
3025.283486697952,2.6967654246264248,2.186886200839928,1.443069525550796,85.3377841577668,82.69022655289625,0
3406.118237355278,2.754051027258722,2.219244176549765,1.1546097331067282,100.68844738917186,91.38127027723311,0
1489.957156047863,2.268660641994126,2.377653556087999,1.2949567280448622,87.63810776645059,83.23531083169017,0
3251.045142908326,1.9818800843991449,2.21771610978397,1.1018547430525245,92.80554802031686,88.41464623811669,0
2140.17496054259,1.8575587600166443,2.4299164823503383,1.2518363901556735,84.38257355894149,83.37586638148323,0
2311.891079080595,2.128664545369916,2.3192021630961044,1.4082995812448278,96.54597974623447,92.99666691374546,0
2851.921544385511,1.952859139184332,2.5900658412711133,1.0289272233163336,103.43470166242797,87.62615106183978,0
1352.3105624369066,2.0857120862818608,2.12419219674457,1.235496133844011,85.21276285893339,79.02727564271949,0
1012.6539596155467,2.303417270854857,2.1997344070873486,1.3512126186380513,84.3527333833521,80.84436460923796,0
6279.737318922918,1.4478174459905284,1.757930951356164,0.604592732703964,109.6533974438337,119.25642774315142,1
2927.4179498864023,2.263698404939982,2.5344681092565167,1.4803520194654498,89.18836055728829,80.74275916169151,0
1792.3050128906941,2.54543947418433,2.639026588618932,1.3423658479832978,101.16285846725695,91.58573598633511,0
2742.53935248817,2.0459577283845083,2.191021716614642,1.5863045105327904,81.07934339492529,86.83394324612651,0
1915.9046082342293,2.2944203047025815,2.3185349548727547,1.5661695521005594,103.9406321126345,76.04515758572047,0
1234.186919570231,2.170472102791382,2.739516956301224,1.0249437154302352,95.37532420097166,76.93068940390881,0
3475.134625260658,2.7865152487929796,2.787266775359436,1.3907397862248954,96.40404594202678,87.03846862030264,0
3906.4863607018397,1.0107049638672032,1.5446447622627866,0.5328474294771829,123.22153605674868,115.16733799236849,1
1389.9863008405066,2.6955232284962003,2.589155388499778,1.462244450684676,92.97649477270676,90.18796524835928,0
3009.180192247786,2.1764633668780498,2.235572607633534,1.3158415965616679,81.44451402490917,83.80646836736697,0
2656.3057108849553,2.7472485773838584,2.331699298981619,1.3757321929788493,98.8817605124202,89.45628606416967,0
1760.6056073988443,2.0932107716980646,2.473020348595943,1.0494286273695057,104.85348403052919,81.94686652517686,0
5681.92085355804,0.8502260114639738,1.607870339588227,0.8154608951145816,128.7614792643824,103.39026135674607,1
2464.438953183658,2.3334610919763215,2.7046966073591427,1.2466170818840228,90.5312013323518,76.3288768871155,0
2496.6462104925913,2.6264574661077416,2.4853720371062846,1.1941661314897247,88.87490764579843,79.99092399699012,0
2624.0822476180365,2.606201279793061,2.7323906380704335,1.2713194169700612,95.61658922135659,92.45507679132255,0
5620.227373084416,0.9092642103096215,1.7555645696186148,0.9035777686824413,129.43269769978758,96.36586050002431,1
1971.6932242237049,1.9175262467771048,2.6204220933560083,1.1613960426610586,95.01485833401543,76.24546211763771,0
1724.37863228442,2.41341519593579,2.472235954011846,1.0480689078308052,83.80062132821621,77.81423056097516,0
1391.0926066777151,1.9242972234855447,2.212480034070965,1.1460893779457795,89.78814245444573,83.43656357077663,0
4598.883510820735,0.8088632851134689,1.7469070202284644,0.6233018174890124,115.71755052466084,113.85620649205202,1
1116.1260317999943,1.9170670164276058,2.3617743527118455,1.2456004037890258,91.25927340645462,88.08349202948149,0
4691.35486489077,0.9428502873008386,1.8805188951253915,0.7722411664001314,106.1227824748904,109.59431951285279,1
6874.1009650792985,1.7061110021324972,1.6975654538057516,0.637351907523946,128.66141282876015,99.07588342328978,1
1499.1844553958995,2.241530501373377,2.277076795492769,1.2385566387776765,85.02334221647641,89.61641929961459,0
3165.440364437338,1.8108376514802984,2.7404548103254207,1.267541623826049,100.00891269555905,90.53421113910362,0
4715.4696366067765,1.7476880259644707,1.5261775100937363,0.6725961042471053,127.95597716688593,106.54290359532797,1
1571.995413729056,2.7497999132919237,2.207538746745034,1.2036701155256837,95.48969887244574,80.53808974755617,0
1244.1802850159597,2.621860059290356,2.2899151192933065,1.2839259440149342,83.81040033326043,78.02493657469869,0
2904.049038321794,1.828782676313339,2.037572773420044,1.2530325561240732,92.19635109815906,81.95882823164334,0
4813.654677718607,1.51395263250659,1.7021448736274345,0.9974096469829755,125.8956481977629,116.56601177872948,1
3231.3974962249445,2.7872761293149444,2.6108846353278086,1.0489779892183537,104.59197313158535,76.66928169978766,0
2583.5093912760585,1.8452186701061895,2.441637744681584,1.27139097071098,81.4540948876369,88.08585104649924,0
1435.9160725124786,2.749520623657642,2.20981123543986,1.522449940763507,87.88517239370032,91.7408225048588,0
2707.516933540892,2.197287290560367,2.2078428648513277,1.517678246525937,92.95196915597039,83.59862154780296,0
1283.6838031014727,2.780032575285477,2.6167297629966573,1.2346489219910564,102.54404980338559,79.25288752742192,0
1712.101235943669,2.4181282404578957,2.1651370174084823,1.4456239127199888,90.40384995449404,84.4233579786563,0
1173.4032521879137,2.621257304672013,2.2296305065399302,1.2710606072423376,80.65491771330161,89.58346975098897,0
3476.2628550016834,1.9533514031160801,2.0538804811750175,1.4154616907946218,99.13782247477775,82.49105774040243,0
1873.0239365316522,2.2739616402628724,2.0732656586613074,1.4973300195295658,82.11980040114508,83.9411108761285,0
5869.922239072533,1.0004745155284027,1.5000673465022427,0.885079105878548,118.0364909680368,108.06275452713972,1
2253.7907367179987,2.7823786169086064,2.3422185069886896,1.4005560313381509,93.5559301372962,87.01302133096712,0
5531.636603477936,0.8723164752579387,1.8837838142589591,0.958742921565995,107.54509207373842,118.0248630274144,1
1629.4557395634104,2.40617463445088,2.4433424020126346,1.27757377404359,98.34035951403504,85.8158750997109,0
1965.2565945019355,2.3698896848713167,2.6543736192952494,1.2542429521892577,94.69423402155496,75.87478144617894,0
3005.4924518850994,2.6685991281894603,2.145542504396217,1.2879633008302742,103.26488036609791,80.17241669776078,0
2371.8344734164652,1.839312139841099,2.1769675534556816,1.123504726022061,96.50756799253345,90.07923807193568,0
1101.9378538869098,2.7041586944937483,2.4531237122375176,1.107809865322145,89.39720712864423,88.52355124150868,0
4852.891773880598,1.3201698923107512,1.732047579726752,0.6297708915880451,121.36626717164887,104.91384204974908,1
1797.439075734403,1.9499174273487738,2.4319883037726844,1.057428733312097,103.51698112788351,80.50762348510837,0
4692.114583034521,1.6275189221063031,1.8147788484458682,0.7606480238270694,124.81487790720958,98.19667003056044,1
3167.680796450259,1.8802337456616423,2.0336745517090895,1.5271093367808088,92.64631732379573,84.75334137242528,0
1192.4497745719825,2.52571950838836,2.3037539265338136,1.4888950682479074,96.25502730995383,94.67042945430444,0
3409.049942723132,2.589171238607338,2.6960790991207437,1.566768531684414,102.17312250523173,86.97957016354421,0
1092.217368386332,2.1581627180328407,2.0087966629267844,1.2552960006688452,92.03360379088309,91.43273795420943,0
2901.9626215422436,2.077381182981133,2.664175891653593,1.3405245089569349,89.96657569430783,79.07532918255379,0
1362.2371802280577,2.3519068387744855,2.1402970228987597,1.2631692515137543,80.30301936609733,89.24028040661561,0
3263.3766048901593,2.676765636761749,2.405974187008669,1.057321188300801,89.0558860413072,86.17284792900851,0
3638.1083651181475,1.0810044989087135,1.8258198802386383,0.6209466470564446,123.96940634393313,109.05181986006428,1
1158.895875715059,2.4275580800840633,2.083286865587659,1.0058625084515103,100.56201409085902,93.1844041172312,0
3320.7964064693133,2.6905272807398948,2.4926905505458437,1.1062898736684317,86.01731779581263,85.4289137808718,0
3088.256238973095,2.3899176868546332,2.2845381731719594,1.078940611076356,88.1168981722515,94.5820987603031,0
2339.436710186896,1.8145446656678819,2.3114364912335814,1.3789361320555125,92.20602842554446,91.8289510616952,0
2949.6888646440593,1.840868616266479,2.3568046183663647,1.4240663301312675,80.30271188087218,82.60801097940819,0
3230.116387942783,1.836683202890598,2.2552803785946045,1.3834719626893004,99.96785479136436,80.94475615417234,0
2767.1433596190427,2.3277011090863,2.020309084528276,1.2883041683546974,99.75076090767654,92.59163709903058,0
3936.872848883969,1.157814084113549,1.5557561061606382,0.7227708193709454,119.77825758146291,112.59249449072627,1
3350.575603562394,2.6938925830509577,2.6974748221961855,1.5039167817200323,95.90443411770582,85.67934945095527,0
1736.1222301739642,1.8869202880874236,2.6997613381473595,1.2983048584050565,87.147669730979,76.87714569646712,0
2348.355604789127,1.9504168911035282,2.112090540613162,1.0362112503943384,85.97950260539814,92.64832736814677,0
2097.42855176409,2.5602278598896864,2.652666499992494,1.4877914432296562,87.64010538725537,85.14823877435617,0
1213.36866248442,2.2811401018548176,2.2801002073333843,1.5180001897430953,99.59479461213493,81.77721298677503,0
2392.0031561458754,1.9275803027955638,2.280569452361368,1.5585692173041867,86.30602550433404,86.43544704096644,0
1176.4218685010746,1.9392720726633872,2.4948891025721474,1.1368478631693595,104.95868778482374,89.47946110932187,0
2886.3571852117057,2.7224993811772955,2.1040689921045055,1.536514524798471,87.05467686733,87.73804634909487,0
1609.9741084477089,2.1689136395697726,2.379371373325971,1.5790712178616273,93.25755333122896,84.37535930929012,0
1407.3360677035741,2.134905614657086,2.5441126174082402,1.5305238780090447,98.39157785597975,92.4739718693269,0
1488.1074694951112,1.907172011339776,2.0615625613033672,1.0837907528537878,100.29424470225344,88.35609366452813,0
2572.35711694971,2.0517990589069526,2.5060975145071582,1.3566858011117038,91.45467216844732,93.33270471682414,0
2278.3559971523446,2.2103968269896614,2.790177911788825,1.1962198969379432,98.32003861915626,94.01062105172407,0
1761.5344229334269,1.8727630063641936,2.73187672085448,1.5186149499037822,89.9828978952327,77.28191569775866,0
2814.8891971755984,2.467557738521027,2.733850860369794,1.2585325141970836,97.90808470156705,84.20716542403852,0
3429.455206802402,1.929159415151495,2.4612131804114026,1.0183915013234837,90.35324381322317,92.16354106314327,0
3353.662021941313,1.8335324347357793,2.1286079168386465,1.493568591108207,94.29680678067966,86.54399773469102,0
1038.6415413221687,1.9197621318192513,2.7087821985889495,1.5208853526265034,103.57689594361769,92.1139218767508,0
4039.507651124705,1.568922782107641,1.8512702507674035,0.5378025203083754,114.29310166005858,96.06055745517229,1
2163.9950453311503,2.3716126894698997,2.490729111368566,1.2377036149655534,80.23329049567734,94.43065381802101,0
1813.3258269081607,1.9188179162680719,2.052566911542682,1.3491828411486393,91.18006351262089,85.9086373881381,0
1403.053218135011,2.2182430362906187,2.214450912658301,1.5368899936363167,81.5337406777667,79.0403133680498,0
2180.537312904873,2.690263783890916,2.194537752799563,1.0471470982930124,99.12024502257489,82.60840015015124,0
4849.291666579228,1.5404761319535192,1.9830237525643386,0.9956639507821103,129.8313753855741,114.51579293563893,1
1145.2090304204987,2.189201678734163,2.747493611815212,1.4099772259639032,81.69031408980537,83.9947968490108,0
1970.4248155163048,1.9516748797327512,2.66065340045181,1.212052827581631,82.95840477308468,75.23413221461809,0
2587.7341271691093,2.1838912213732113,2.6379408172855423,1.483595529865095,91.00497494888727,88.57339913345129,0
2185.4345727183127,2.239134908570218,2.384469261861318,1.108863008617376,92.45639205658634,77.42050000970386,0
1594.0938599809992,2.555137255673619,2.1330266950048635,1.166096678341031,82.74340496693759,84.00701957810826,0
3270.6647149166342,2.320163501111993,2.4804134883469224,1.5202188976734692,93.3827532863148,81.70416094741745,0
1966.8383657513436,2.7265876251614944,2.0411406507874004,1.3088904123578142,90.9400781013848,87.85763820117415,0
2941.032401854992,2.4114542354346478,2.4967324142139815,1.0624657896304999,83.38385205694213,77.85188288163818,0
1644.8540692878892,2.4334008543167256,2.5825510049628826,1.3940419987247754,96.48384805514456,88.06325581062566,0
4698.567925921497,0.8660098441402416,1.728849802579647,0.8179773535818642,113.96446153812182,118.3231215642418,1
1051.461235739506,2.1193136375904147,2.787872959169867,1.2557087813415837,102.00197718903645,75.67227200366565,0
1295.4120690541406,2.4939484444671,2.7703936030871956,1.1391682576695852,84.65253544615693,91.44844747336558,0
2271.4267279117566,2.6137950197069486,2.4664332487757537,1.3247778011806424,92.6535465710061,88.91798236337605,0
2558.245317068895,2.495748688984617,2.5375141948789826,1.4214789823264624,104.39025502149786,76.30409182520984,0
2710.5825662803923,2.506242227156496,2.4644706802224348,1.5809160567488332,104.81208755395937,79.5063385990247,0
3089.9503012805144,2.1488682665429955,2.4743519478733624,1.1174667914101277,91.21526577386356,94.8563367799814,0
1466.2962759996356,2.237474922023729,2.23769737249854,1.5454195123993846,91.90045323421916,77.52529483129005,0
5400.586043851821,1.729228053631854,1.657813671881675,0.8398101663675539,113.82625979000755,107.40646882205904,1
2924.9838827465273,2.0886305532402556,2.1763889672561403,1.3716942076057688,95.39963625650448,79.38137618203716,0
5366.853200678769,1.0260289978159998,1.9451075013180872,0.7732885710161475,124.50913757517205,104.60887596310337,1
3217.716060662793,1.9922890188086708,2.7601898830566416,1.370286991962418,81.78141819413146,85.93296440375576,0
1539.552568742108,2.3812382214226124,2.1491506097154036,1.2780964262803436,84.70061836538541,75.73442725001642,0
4844.723495450301,0.8191160944297641,1.6801169594002139,0.8232293708189653,117.47239161339854,113.54740817396788,1
2523.910834949742,1.913557592199629,2.1095085040550456,1.2075609955281779,80.47980692057642,84.18530394346428,0
1930.0452144819578,2.305888678884466,2.2767064455623656,1.0770365736724752,95.25562873694103,83.61058676924415,0
2256.6975580721537,2.4715731955927995,2.720014913478484,1.2226232577907616,86.49533021862585,82.15596530650883,0
4181.183428467051,1.2075430310324309,1.7502005728551007,0.5734813547941049,111.2750345815575,107.7222638897764,1
2356.6115867689414,2.079979093660284,2.13362715687366,1.4172803240139173,86.16697161304057,81.62694014206102,0
1275.129811319192,2.6421189231357083,2.639884204757852,1.1315283924148267,82.52614527526617,83.355219585502,0
1489.4778369732412,2.1420817487159076,2.005108697373467,1.3743155948059438,88.3627822185483,81.86334706345316,0
2306.832073454985,2.383656111850872,2.2345181842088104,1.1004895493554419,80.64529767373718,86.55186731762315,0
1752.195774541924,2.4717006844058567,2.663793442965761,1.4363014418597848,80.27578161071618,81.28700226367496,0
1442.7766985176224,2.1772841631046225,2.2522322702644884,1.4040594599949505,85.6153902960963,79.79020339819076,0
6166.656344117046,1.6459214396777322,1.8909119316724678,0.5979165420671351,127.96066080363522,102.41399780514827,1
2068.852545896374,1.8777346369649848,2.7170686548168956,1.0627407042006403,83.37915722887057,87.69164835100608,0
4262.623939892465,1.2391498166337485,1.6380847789104498,0.632791416479303,109.04178590592404,100.6531332812418,1
1795.0086874296599,2.769914397814603,2.715641781515273,1.523070139955321,87.58187868918989,94.34253230518341,0
3193.3483834524527,2.1287516102875084,2.060110225388647,1.1548800596206765,95.93003692020702,81.07892802481447,0
1404.0717852365344,1.9770104842767469,2.6983566687011264,1.0220028561601258,88.8312852125516,83.45096856623888,0
2070.4603707932856,2.3935924535540485,2.1863675798029067,1.4155755713356988,83.03753440752295,76.27281818573285,0
3439.6301986563367,2.7899602323899453,2.13911619937559,1.2392936685381404,85.06201400413093,82.94030082474383,0
2557.2261895475003,1.9543627152742022,2.6236675788534027,1.227871468107538,88.88461421714348,77.16051508261383,0
3141.224602970806,2.739832123613475,2.6696106626909373,1.3609670920877988,85.51529881778028,93.26573895152474,0
1705.0864314282662,2.3833917947661205,2.5503085778406507,1.4170867324285563,98.19848267434413,82.42344846875255,0
3326.8933140089116,2.672123908944151,2.6972294449219008,1.3470321502038456,96.42387890667848,81.91754921475714,0
2445.700352490435,2.7293759891275857,2.755785617833128,1.194751497940162,84.00179087386432,77.80048195106636,0
2067.7694715656407,2.26869315979497,2.0179754466560937,1.202137475062664,81.55729495325157,88.35839997607255,0
2351.5878040252665,2.1366042781939205,2.7070287079707405,1.0153852394838614,99.02476900070235,85.25335451912832,0
1919.2895076485838,2.284522985191021,2.776846596132294,1.0890059205772533,99.3658445159447,79.83787656517678,0
3608.345268217702,1.4877220424305606,1.9213559510802773,0.9235304134919498,105.2259617269823,105.56572992534024,1
3123.058526235445,2.5482596903836585,2.027156782868639,1.560325010516743,89.5484909913224,77.25160780823875,0
2276.868256443914,2.664722376255053,2.206310148346562,1.2989174298718833,95.38048595577527,83.5497937584123,0
4060.087277621179,1.492532431537108,1.8944662358880036,0.9492803023374197,128.15485171079456,103.13237835057578,1
2477.083151422527,1.9870437485575234,2.185337361106755,1.2692161735735183,104.79524878373408,78.92195425476785,0
5041.544726093484,0.8886047139696791,1.5240930061966482,0.8112068207829983,119.42806465095802,113.97513206304828,1
3112.1882774236365,2.0292513952326416,2.623876316120915,1.014183151627802,86.48241897164435,81.12626997556426,0
1093.370471873036,2.2254364386164167,2.5197173191938944,1.2239510749776041,90.0373578965322,80.61366431031948,0
2606.0481955157893,2.5940251892702957,2.602173311646113,1.127226903944936,103.32783328358894,77.4111683280738,0
1317.651281629712,1.9148368247392036,2.184535849374207,1.3620691560288267,93.87712373255715,75.11011598320842,0
3146.0318796075294,2.7321182824836123,2.7787911753419174,1.1644963999358835,103.91536552708645,78.08919494446647,0
2229.039687792081,2.262679785669606,2.6597447727401193,1.4254277570334597,81.46377323109948,90.02356095616837,0
3324.2441308564325,2.732728483354013,2.499319126279307,1.3285554256922418,99.519039651711,78.68449678476053,0
1343.802360364983,2.0582443882989585,2.4774742791335114,1.3557705108609566,101.02178948564807,85.25309506290105,0
1807.3911823531148,2.6098744458546346,2.606590780563273,1.3201615280361272,89.19851878255211,87.34133032235603,0
6944.046071236625,1.0946193963461932,1.5021816348251544,0.5289222247235803,107.96256558995378,96.9613954079281,1
6522.416328800908,1.4826172212234026,1.7068213374593175,0.5984628522267141,115.23530179542546,107.6198899576132,1
6569.817033563661,1.6886590802653987,1.9177401128710971,0.9218248320259119,126.37575504049838,100.87433512489882,1
6146.747648825619,1.0993955883716813,1.7169087097882647,0.8901880617854903,120.85909222179218,115.4194866626409,1
2231.2942345471597,2.3321134852653156,2.0964535086218232,1.4001185545276627,98.7018294857383,92.04527748782363,0
1196.1409533556648,2.3956387406078443,2.1795524574693284,1.4308738457358967,101.91626904570501,92.48445049370352,0
1225.7244251360207,2.150587558806597,2.23095498941656,1.4398678134491687,83.75121661734961,84.42574334796329,0
2296.9765543584153,2.649647390677411,2.0147125412379734,1.119725470557487,91.24461622053306,76.58813169286059,0
3242.775649881443,1.9723198712016299,2.109454904735169,1.1492285635525779,81.80210839996684,92.2912721904534,0
2425.1529252234122,2.445917241331601,2.383900496243127,1.1294050914386302,101.04996382225154,81.33893175582239,0
2442.2597115658978,2.3116774421156663,2.1840070698301624,1.293307948154152,94.56056645518116,93.05789990383974,0
3178.6514754692944,1.826366974497252,2.3489012233082533,1.386146617117915,104.87165792924418,78.04208566444545,0
3018.6003879101563,2.394130715352135,2.69477438071833,1.1482619404060879,83.5562342171799,91.07207070883071,0
2564.649789285591,2.424237995913992,2.693835360767842,1.3798908253564135,90.85048415434689,75.20262368055486,0
1663.0059192043136,2.4182547715302958,2.7554131912907467,1.5919780737753082,96.09760633852827,75.2480807255463,0
4933.701132133312,1.3735289514555733,1.8743226170631,0.5627751073813267,128.59253982050552,95.00029086888415,1
2072.485068437546,2.365133183589209,2.775102284228553,1.047651621393392,81.72395040891053,75.50895519811502,0
3151.8264581408584,2.0734070719307063,2.4333073717286933,1.4738191042854876,104.91742134632442,78.3190979059157,0
1089.8556844918553,2.3567628930139297,2.373921208999896,1.2198769209228388,91.53893686049474,80.53628615582612,0
3991.935386524263,1.6834647629860608,1.5019099613292917,0.7589802638562895,121.01537958872218,95.03684555215779,1
2888.877846357622,2.622537242923169,2.273453881358301,1.4810368498418751,85.40095456274,93.12286509531532,0
1251.9450034435667,1.9106317369552073,2.4935415347005936,1.3519650779052845,80.60479409728389,88.04583297183879,0
2844.7422917394215,2.6418287767582718,2.4406858964873113,1.1540659406323048,82.3247659955783,94.10121022969977,0
1844.0379285090698,2.3554317056026273,2.4205521458421484,1.5978003496340452,90.65208459725929,85.54799244245353,0
5451.980891875153,1.608235210009222,1.6849066279935883,0.6299524896214164,109.78982364337064,112.85816589337495,1
1646.9499540000425,2.612799567257502,2.11893018220249,1.4566143945657994,82.22811080290042,92.2027938669887,0
6978.469361148944,1.5945155444907488,1.7361409020814909,0.5736515221394851,126.66925886265001,99.8810150739123,1
2356.740207895621,2.174870579523704,2.447712265046574,1.0434681326767354,101.2856239436274,90.72556398768066,0
1234.9548496021725,2.468643219924431,2.7032946460497316,1.003455196298873,99.02803842607895,75.91297491004768,0
1812.9583050668675,2.701158010490989,2.142835729643467,1.3106269860308268,101.55036205681557,84.95625016068581,0
3287.1609755511213,2.011448006996545,2.255002002345656,1.4035612709350758,90.98512474236131,86.6561367016698,0
3043.0555005030396,1.8758633281086639,2.5507219171421887,1.4640838754119605,95.91674205418019,92.42408964526103,0
3193.680033817632,2.1456959935039195,2.7456224844080137,1.2980601153155016,92.07422180213388,83.61970441026592,0
2820.540871529649,2.4203095513534647,2.590426893141096,1.3554101971560173,93.69898722434232,89.97652673926613,0
3081.1066020010544,2.750607146937556,2.0997301449626136,1.0981742927150016,93.32394466378338,93.12874906688822,0
3020.993370291153,2.50096913145912,2.3351403596036384,1.2211158062342566,85.86605204638634,81.99012744173638,0
2481.0364221551063,2.150915012552079,2.5900009984877985,1.590386588775897,82.416911241168,80.13060124888496,0
2693.910904605706,2.3139894891598107,2.5309369322901185,1.5828370564249838,91.48616921014967,88.72654393372196,0
2243.121264730964,2.0286428055034627,2.5211363106814915,1.5209635032450284,99.23262234103349,89.20485597246623,0
2877.177669478743,2.4966508238768923,2.5997214653943397,1.0513949497578583,81.42636802878135,87.91644772572968,0
1433.004674775038,2.547609380176251,2.5424129220472507,1.3403873317773423,99.62242442778668,76.60360028163807,0
2420.7715083386793,2.00934932333671,2.2378792058980403,1.3043408852130356,83.03466045398515,85.8139695328982,0
2234.488990910977,2.1533522280260526,2.1639874363326568,1.120090146546886,81.70430773463734,90.85708838067679,0
2937.832058402786,2.358404249735805,2.599968376319342,1.2889134109075302,87.57820889863322,84.69392574260094,0
3351.1464608822857,1.8200711977777264,2.4315930339002696,1.5819472276643625,89.30417559593783,90.8915655740038,0
5119.364617728877,1.3858647884535191,1.6686727733845463,0.9268924608523335,106.7251898153204,108.66075790194618,1
3036.1712064723397,2.5200365365460744,2.6088223220016222,1.3642564216532684,101.81825626211504,83.92839032803164,0
3341.8249718418365,2.292116293079538,2.397092997760989,1.2155400216398595,86.36676555115127,88.88301147019662,0
2237.9422752781757,2.786639578501175,2.5308298976133683,1.465958111675045,101.05083235941053,86.2244557656505,0
6932.587702542003,1.0842740929275168,1.8869956890763813,0.9905889183811473,115.63070463594235,102.25113829906093,1
3581.732337148651,0.9344351294081219,1.9459360724053674,0.891599206649313,110.71691949009022,112.81553332746282,1
1253.6788571650802,2.0063337184057923,2.553821251614282,1.5065022693815182,96.53426527676035,80.6007465910098,0
1938.9573815998601,1.9708875873900658,2.3340646206279425,1.3266934587765098,95.9072838494812,84.44986710013028,0
1423.7318667152313,2.2316595462296793,2.79834728842667,1.0182322358181022,102.97316334098886,92.57957800564535,0
5199.563948807892,1.2483190553694223,1.6234119346009512,0.674047796584144,121.66501197616549,113.23361985219991,1
1390.0466011060912,2.120049601030612,2.3393045370419085,1.2931859142427995,81.73559606865233,80.43899452257261,0
3340.3869354019525,2.0837759057987246,2.6137506311449012,1.4137160506189368,98.87604821865696,85.34892703510083,0
3701.766537696587,1.2071064891256276,1.7163645680098523,0.9055618849667355,119.10185072083794,104.23201925538852,1
1078.5729642168355,2.498161714019745,2.1663090041168216,1.0189516868953852,104.1455540288305,93.30180136814087,0
3432.526386881114,2.262534716133148,2.6896341207914505,1.0029639885606458,81.04878058579091,81.0253052152,0
6609.412853080385,1.7978208556819784,1.6938244027278235,0.7420385348551009,105.7292440911316,104.82988002569806,1
1560.6732736513995,1.881759031948872,2.0315414490948047,1.034252113653589,80.52362402577282,94.25620714148052,0
1041.4695723196403,2.583653012741143,2.749463791459806,1.108586171625694,99.62541359592642,76.39282296324811,0
1063.547816860238,2.7743948076661664,2.0104015388085887,1.3818581497261822,104.07787778972934,90.95828319231788,0
3056.5014016491455,2.307610378684455,2.4861894359030874,1.1363617763578908,100.00177421747898,79.13985156876853,0
1593.1227187420002,2.720872400531813,2.7401986539325325,1.561963415376977,104.19650087112576,81.09502190772267,0
1678.3725794347397,2.4492103021160636,2.362631067798422,1.478535460382313,92.89198569241245,85.25005297540663,0
2300.170052944527,2.5533781852589414,2.797499401476758,1.0195157076947512,100.6516907563132,89.15670194459537,0
1162.6289824631988,2.418218063316261,2.11268561630384,1.12786282241505,96.62279311218045,84.27864973376673,0
2756.210209967773,1.9606813732595556,2.0883792905051157,1.2441447764337223,84.12037039323593,89.05267546171032,0
2529.3018655858805,2.59526731185989,2.326762570456559,1.184373978955772,92.0243222471531,75.03130210382946,0
2605.0791153857194,1.9689350630721645,2.1481063430708955,1.10022514474057,103.912534957487,94.53600657021319,0
4407.67214060983,0.8776493346716051,1.978399907742143,0.7891491997101803,124.68872714646949,107.8463616051692,1
2285.5860960340287,2.6877041827582997,2.277562561516982,1.164529121409202,93.39569211182703,94.62594180994493,0
4512.356701904291,1.604437207679505,1.6886590269815964,0.6990026464772514,113.04174974148872,104.27352520394413,1
2987.0282588541213,2.5133495858845523,2.029606107772394,1.2728439133803156,104.49925823397126,89.86386397463207,0
2537.5180667479244,2.156096725897846,2.698941691349071,1.236318643392495,99.41118616249312,90.47759311460312,0
1716.353130320711,2.5694929331919365,2.792934900909581,1.2331348607622075,98.16154287782513,84.64082116224165,0
2583.8242769022368,1.9363714755867698,2.1962792877450568,1.3737799501380898,82.45206451960611,82.0474989321931,0
6650.291140557682,1.078759872414553,1.982039208245054,0.6514578644165963,126.2010522400371,117.54850491872875,1
1909.074005948235,2.2505441353100935,2.094200866312113,1.0433190453875054,89.19398377193224,78.74823888195165,0
3071.8437728798235,2.5460448792654233,2.419512215462064,1.1862171753541442,102.98479933036043,91.12807234465679,0
1808.007330051888,2.744765729882428,2.217845861215495,1.390195411808162,102.16510538101167,92.80516106035604,0
1017.3803263279767,1.8563754966509272,2.5067825758609175,1.3952246653005258,100.34925673765048,92.63855516609289,0
3957.28320338212,1.778981115174809,1.6838929938780764,0.5219499713215026,117.43849630365256,115.97493319295026,1
2502.787529358022,2.7053819764192637,2.3606714971233056,1.1641759997689995,85.84280204776083,76.3073231512877,0
2385.885131278502,1.9397723766262895,2.069589407929128,1.1709237411771538,94.70505667370976,91.42396565100452,0
5492.8207641379895,0.8729018353679036,1.838906600155022,0.7238367127052092,119.54055732472983,119.46313670972852,1
1702.3362742184518,2.762172548474542,2.320610448700261,1.0069723239448605,104.80395037058281,76.03913155108536,0
1129.2043029215192,2.3325894325515857,2.0462741412507173,1.3114490710817308,93.85566285330042,91.05171359159625,0
1454.5624180177515,2.4318372121697993,2.6959170896497024,1.4162093354688934,88.32504782645495,85.64841364550435,0
2680.3388685146965,1.9340152284506407,2.41513416422627,1.5404211184067553,103.98941610802584,77.83943979521987,0
1305.095587111947,1.884837714085192,2.0104755652706667,1.5211739007733667,93.49892825701399,92.01232115682276,0
1704.6369369334998,2.441147632885297,2.433013262940888,1.328018447628442,101.04833916979521,90.96760681036704,0
5164.411131203893,1.6034827432968846,1.8692987290661653,0.7503017855773537,112.0624016493213,118.67726667771298,1
4589.261232721878,1.7560471436119331,1.6587933976305584,0.5084738324447905,129.0033901101362,105.4141457120573,1
1813.4992453981695,1.8610779598548637,2.1444602761018667,1.0236061244011059,87.3861194369355,91.58789329717695,0
2989.4816735902527,2.66550712589398,2.7599689471601803,1.2613499888877597,94.1255498214754,76.41864432267546,0
6863.974198926575,1.53786951856153,1.8565230253171594,0.9713621595470561,114.94591563755392,112.73302071181524,1
5610.300067678116,1.4768212988573957,1.8163559393743005,0.8737222032983469,117.02225366507523,109.76594584986594,1
2759.1446484500593,2.616599439471577,2.3961172216111795,1.4086707123789897,100.62623525450155,82.38106043521833,0
1701.9309061021395,2.3326172664550233,2.2718999710144527,1.1847579649547146,83.202393659155,92.84604996279305,0
2658.7544227701396,2.1642698610480755,2.6793565212522554,1.483402091770032,84.6298891966867,92.16683353598242,0
2629.9031487565017,2.4279003894909077,2.7552474717492905,1.1618497669101937,86.6261607081251,75.36013111200909,0
2305.608150137011,2.4106200424416326,2.141222425604407,1.4009276791330099,98.32678240074188,75.1532806529845,0
5691.820124973723,1.099565677953874,1.9251740005599478,0.9450705686980073,105.97324908314168,116.54227259468362,1
1962.7443215048131,2.3371065418185477,2.4231497072217696,1.3707083441207284,100.39867347421543,93.19253638873185,0
5560.56032745962,1.0419316803155296,1.7464322922237234,0.9757149051809162,125.27196452519796,112.96134868306375,1
5191.926025906013,0.8717758062265131,1.5621841995002552,0.9803134877565999,117.67301094904586,96.29171804144903,1
2593.5747537455163,1.9344146769389743,2.7422018265561703,1.204748696575694,80.88278387350597,80.86977646416243,0
2257.8406464502195,1.916898040708364,2.5666903813720277,1.5708420053239944,82.21501074199043,87.72192092819084,0
1733.9796106612334,2.0850951686938473,2.2297911933232655,1.4694312904349642,98.14949774963239,85.24727555091582,0
1210.349912487622,2.0785903390319587,2.4335207579026865,1.1005715297729906,98.43770898647517,77.21441186652632,0
2580.764576483949,2.012964161508911,2.4825216875731106,1.1263973134034,101.1089270684904,87.41857134956862,0
3273.301005196955,2.170642147066891,2.7688562539755637,1.5068699368701326,95.589642200069,77.29537743738435,0
2866.2285127950604,2.0768776481472035,2.4543561844421036,1.073265948406016,99.23057869595334,80.6304239682986,0
3750.9916109667784,1.5645277946547176,1.5271660174114519,0.9880069116396069,127.69746984449048,114.13866876289651,1
1232.756919514748,1.9388271726494102,2.6395327031751834,1.1416302780078784,83.75422502042605,80.20573715132006,0
1677.0806281551854,2.4815027222239294,2.123116725071884,1.4589299569252772,83.72220125831112,81.90446285603385,0
1242.9412344269213,2.370778304668912,2.5020043705746957,1.3953312821395945,98.21226692904033,83.69191921717423,0
1623.2305728721874,1.9626169393448913,2.7141373688615795,1.5225814742476516,82.64161710654359,81.33523354135053,0
3237.068376069122,2.706354385094736,2.7184434315525707,1.0751114753215303,89.00341018678797,93.91396294000565,0
3017.08684816816,2.747283339611815,2.566537670916225,1.4305586593949058,98.23770571630992,88.76810036984274,0
3376.7857660247905,2.7025529066795664,2.122031234331409,1.014752149875281,88.08428905288802,79.93957598144,0
5395.966843435014,1.5661159327955863,1.5526824611254282,0.6126906340033829,123.85662433367557,110.0388469824956,1
6804.147328388892,1.3030839507798364,1.507346694327477,0.9905962645820579,110.17689523027138,112.62177525108454,1
1462.1361388138175,1.8835007166986688,2.476308013856035,1.3699901887124428,97.7186174435744,76.63450691493557,0
4857.953659814043,1.5227069576982286,1.6566739587925716,0.5117974823227646,113.92573359925031,102.57327264101073,1
3157.758564688984,2.4293986381352624,2.184859837270457,1.3708934405908715,88.65249316344463,75.5433484245112,0
1022.9926290415741,2.2607787680327256,2.527026693368574,1.2847785254498882,99.36633827952954,93.361531043983,0
3414.0800826863983,1.8841068061149975,2.398694218191584,1.391000095225531,103.17944548698631,87.17054545392934,0
2295.824130909342,2.0372267917359945,2.334213425733867,1.3947071827618216,93.62567297242346,83.86760028758376,0
6845.715901343618,1.757448019038096,1.8435096332516214,0.6141176817468496,107.38498193283027,119.6214600690619,1
3402.9764095597857,2.5624586857406904,2.6657073423661934,1.4005299395748823,84.61190632834098,77.46006590247491,0
2783.1119680574875,2.420132597801537,2.6845571744850285,1.0796294524258363,92.56415191158607,94.28953307801623,0
1244.5854016275036,2.1769444294249074,2.473926227727614,1.3150980302002362,81.92645697835827,83.3789558037495,0
6027.5013240956705,1.2764369863437917,1.5996076374470265,0.7298324352013306,115.48619984893284,113.36109830188978,1
3348.7473539104726,2.224222009246976,2.1679244744764685,1.0703849133774368,86.57781424777107,78.31549080326552,0
2539.625245130541,2.6995745732745684,2.702903989084126,1.2901273880319548,92.93172641104023,88.37145293445828,0
3193.4326798198886,1.9017824726204038,2.337085601821656,1.5996482354624,104.6167434881127,87.14179157437508,0
3384.8214425064684,2.122079165583178,2.6325785318711707,1.0563404294736511,90.8019220736049,75.69340533452967,0
1530.8477766956903,2.373437888123286,2.7366735060938976,1.4768857292499578,88.1083438278844,77.7849074223519,0
2739.935515234245,2.7295291442478256,2.464068966270249,1.0045377249868852,98.05177345506843,77.62978239795963,0
3218.0318564408162,2.7504114840765586,2.079553114207476,1.0199218652748199,95.15632344377444,91.44206321200451,0
1443.598859449307,2.2008514167636397,2.0542696472841375,1.2425912608625753,92.4115288088825,87.02148333600466,0
3283.101381391178,2.3245113895702545,2.014299147786731,1.2424841929906199,101.01757570027999,88.04448519090946,0
1801.9501624293396,2.1922440450997325,2.575236724147396,1.4294949788092532,98.433926934695,87.68284276591474,0
2049.0001560694745,2.0016273200477444,2.298150813609851,1.4818155386995981,96.05813814763069,87.72802740366814,0
6166.29366982194,1.3525009674078892,1.5049619105639178,0.7847698897835518,124.27807039629717,108.81767689296363,1
3357.274259781298,2.5689874151805103,2.137343428678643,1.5848758972880699,83.267759418505,89.38707244738318,0
2290.7508707529882,2.122353844974723,2.316993615122127,1.3481034215363994,103.9518370029845,76.74185533591543,0
4465.186488879749,0.9229206784653876,1.6337963383639857,0.5249895143298393,113.28911747667985,105.94153320370509,1
1625.6072454114883,2.530867475203644,2.103611937026243,1.5562207268777841,90.3155460212156,83.22042150531091,0
1925.3967506386111,2.127497352177915,2.500713101149607,1.2662501315827428,95.32348956236314,94.9087503238262,0
2494.7499470277126,1.9111974823061513,2.1641117123856057,1.411339172337383,82.19106866909597,91.99950742961323,0
2364.041973289837,2.543946292572677,2.594806605033286,1.1648836213288818,89.5958237983261,84.72000987595206,0
3423.9615694113963,2.5771469159274365,2.053661181910742,1.477922374585706,80.90400951311905,84.16601283057312,0
5054.15312220771,1.3225765993367453,1.9110899434082116,0.7349941340789683,110.52131957407522,113.2245265413954,1
2612.931976023625,2.662363708746745,2.0249465080490276,1.1483386446419062,99.67258465638238,79.5435911404703,0
4558.166372730228,1.287627809667211,1.6800252329504892,0.8906609278736526,113.92802898251257,97.56289910166186,1
1604.6307272511292,1.9519026935122943,2.6552818541393597,1.2722737248301836,92.9602005486301,88.2996980695199,0
5520.476602315959,1.0714093804467144,1.8387711337294765,0.5365407810135074,118.47736381840022,98.93183020449288,1
2388.002028998656,1.9288797219106493,2.347861870882997,1.07852419643101,95.34833961900155,90.32129553070605,0
2477.2323579706044,2.1482554670233003,2.3808403217592797,1.1425259949543265,89.86190696425088,81.50208030863398,0
1113.068222276345,1.8563032756818374,2.451872906610093,1.0385253622450805,89.92453792685708,88.01946934301908,0
2366.7756983581994,2.1762595855309157,2.401756008264994,1.552508708689412,99.55070219175965,85.87076434685292,0
1996.2618359934336,2.0322126951468173,2.2136226161355372,1.5777561251425478,99.71537411681015,93.8345142323785,0
2806.130288153763,2.2474123668234545,2.5570310207025115,1.0179841539236067,96.41196518328756,86.86443140214769,0
3127.8416787921424,2.386841118020879,2.7512541588103168,1.5213429906872311,101.5342499090859,88.38400525876156,0
1348.7346516301045,2.5896181427945537,2.003705618403682,1.0906347350685401,81.50355856501963,86.20336366923684,0
3406.6210366948126,2.2118409141472686,2.429579538314731,1.010939549605817,89.20773826267121,89.04517532063329,0
4906.225802290135,1.3006242680704179,1.8286767410850642,0.5311016130823514,109.38054430264569,115.17677259666758,1
1919.4578317981332,2.5040797680992233,2.066238934340101,1.5474180073700148,91.35943336399902,88.02295169763349,0
2995.737947416938,1.9120389021680524,2.3074613177277454,1.4847075651647552,94.75869226146932,89.87187832353119,0
6417.7748667815495,1.4136041142374585,1.822074610737958,0.570401474446338,128.77321486256372,112.86060410178106,1
3243.039394883317,2.4408747448032146,2.5557571766835414,1.0440980483980076,98.43584421803715,93.1439006141166,0
3008.7023259621214,2.708450561333628,2.749782789789161,1.08186385153404,82.01503784392811,86.64397493188227,0
1900.4766035281573,2.0424097324150803,2.410150808813207,1.0439175542610661,85.10089086572248,85.33145256891959,0
3596.378519543129,1.3104324890042323,1.8704520280760357,0.6858696474531651,109.06749359521415,119.17113749498213,1
2084.6291230949328,2.302720390092479,2.4525855711966327,1.1539376702208184,97.6920233685229,82.09542583671968,0
2740.074491687433,2.163082296398635,2.3215447308873935,1.405908031466348,91.5134874318535,83.60854820641981,0
2987.9654869217593,2.0546406547637637,2.5568164944430336,1.364743055676067,88.17329040845198,77.27676786953202,0
1696.6161605915286,2.572318391735639,2.4779304817362466,1.0240655148474895,83.42774264322497,91.56498504874438,0
2043.5275078719476,2.6129010091300775,2.111484859258259,1.3332181305625788,87.65634051966529,78.24466811564959,0
1598.904726667431,2.65218150031854,2.5320293396370044,1.347205245143436,85.38004680043093,78.47523186271488,0
2438.6854446896973,2.5885972112245303,2.0233978264276473,1.5400138740388067,99.64129045200579,77.84274247586916,0
1269.728567483261,2.786210744479603,2.0684068246835743,1.423885435892141,93.73823839737543,82.9194094532491,0
1236.107401889821,1.9274886623319825,2.5054508216133344,1.4421242469665092,86.8267702493203,88.84985653338451,0
2593.8936783880326,2.0809631895922305,2.190546224837381,1.2103761587255084,92.1765479704734,88.13560209448588,0
5211.14241127358,0.8768620752761636,1.605997027349329,0.8538606751337637,105.90047045728566,101.85178973355478,1
1889.931696628154,1.964265797930993,2.578736090950868,1.1867846194936023,94.49959468570329,80.15214440667444,0
2780.4480533688397,2.673578624106777,2.5644601380125507,1.3187017168006192,82.05429168691069,89.53341984140647,0
4882.982101425116,1.0323843230560479,1.5683004518255863,0.76482986197281,117.9174596306567,113.17641904038476,1
3240.228249808733,2.1808908566310214,2.3899449585996106,1.095726808067913,83.03462348556073,85.10413547153277,0
4926.54473000836,0.9338283629996932,1.8864607409380576,0.5950538248918638,105.93927725997268,116.78535085477137,1
2529.6322368059487,2.591579043725848,2.642282758878409,1.5705181373502461,91.63014030709296,94.26788868427101,0
2324.126445890016,1.9280458389577724,2.1971216265912856,1.581892627047127,81.66630101401725,90.76894686506597,0
1496.789203835431,2.7698788267076386,2.216595738514843,1.5160734383135228,101.94935801112673,85.38771719007875,0
2025.9573075890744,2.7109271844938423,2.6539548493907525,1.4284521592794568,96.02065786725515,92.14358513997506,0
3023.402888696284,1.9733735952947549,2.2370464963647922,1.3402097565920008,100.44463324642362,77.08449605616696,0
1936.5315365661781,2.7064721109645467,2.6804653832753935,1.0260475197128915,88.20481884023279,86.87321582417077,0
4863.186632158471,1.6341445970006758,1.8331927067891032,0.8925947715742042,127.98827561640124,99.18303260002651,1
1785.8899526908167,2.1095276162863277,2.145148348071838,1.0311827701908836,87.7954033271315,78.15909645670696,0
